tmdb_id,content_type,title
2331,movie,Jesus
2394,movie,Without Family
2405,movie,Joseph
2701,movie,Abraham
2707,movie,Saint Paul
2734,movie,David
3003,movie,The Lost World
3068,movie,Frankenstein
11188,movie,Ring of the Nibelungs
11910,movie,Hogfather
15056,movie,The Curse of King Tut's Tomb
15475,movie,Ferrari
17189,movie,Battle Angel
17200,movie,Helter Skelter
17663,movie,Anne of Green Gables
18560,movie,Soul Music
20894,movie,Guest from the Future
21038,movie,Andersonville
21533,movie,Voyage of the Unicorn
22927,movie,G.I. Joe: Resolute
23925,movie,Covert One: The Hades Factor
24551,movie,Dark Resurrection
25023,movie,The Thorn Birds: The Missing Years
25279,movie,Earth: The Power of the Planet
26303,movie,Prehistoric Park
26792,movie,Grozovye vorota
28500,movie,Walking with Monsters
30944,movie,On the Beach
30968,movie,Warriors
31010,movie,Uprising
31649,movie,Vampire Princess Miyu
32128,movie,Category 6: Day of Destruction
32528,movie,Spartacus
36560,movie,Golden Years
37629,movie,Angel Cop
38329,movie,The Adventures of the Electronic
38516,movie,Karol: A Man Who Became Pope
39137,movie,The Private Life of Plants
40647,movie,Around the World With Timon & Pumbaa
40724,movie,Anne of Green Gables: The Sequel
44135,movie,The Diplomat
44370,movie,Angel Sanctuary
45228,movie,Otaku no Video
45890,movie,Moana
47145,movie,Restless Heart: The Confessions of Augustine
47963,movie,Fanny Hill
51806,movie,To Catch a Killer
52062,movie,A Species Odyssey
54373,movie,NetForce
56191,movie,Iria: Zeiram the Animation
56765,movie,The Genius of Charles Darwin
57012,movie,Living with the Dead
57566,movie,Billionaire Boys Club
58090,movie,The Red and the Black
58430,movie,Solomon
58458,movie,Lorna Doone
60517,movie,Stranded
61445,movie,George Wallace
62119,movie,Robinson Crusoe
63536,movie,"Naval Cadets, Charge!"
64353,movie,The Hitch Hikers Guide to the Galaxy
65525,movie,WWE Divas: Undressed
65575,movie,Small Sacrifices
67460,movie,We Can Be Heroes: Finding the Australian of the Year
67467,movie,The Meeting Place Cannot Be Changed
68954,movie,Longitude
68996,movie,Ultimate Fights from the Movies
72995,movie,Once Upon a Time the City of Fools
74236,movie,RoboCop: Prime Directives
74535,movie,Adventures of Captain Vrungel
74705,movie,The Adventures of Tom Sawyer and Huckleberry Finn
75262,movie,The Long Recess
75470,movie,"Karol: The Pope, The Man"
77060,movie,"Mary Poppins, Goodbye"
77674,movie,Goku: Midnight Eye
80089,movie,Parasite Dolls
81895,movie,MacGyver: Lost Treasure of Atlantis
86791,movie,Gunsmith Cats
86841,movie,Black Panther
87689,movie,The Dragon Ring
94052,movie,Azazel
94895,movie,The Princess and the Pauper
97187,movie,Cyber City Oedo 808
97481,movie,The Confession
101018,movie,Faccia d'angelo
101280,movie,A Judge of Honor
102747,movie,Mazinkaizer SKL
104604,movie,Walking with Cavemen
112202,movie,St. Peter
119900,movie,D'Artagnan and the Three Musketeers
120253,movie,Genocyber
121270,movie,A Very English Murder
121442,movie,Ice
121576,movie,Saint Philip Neri: I Prefer Heaven
124305,movie,Superman: Red Son
128578,movie,The Women of Brewster Place
128914,movie,Shrek's Thrilling Tales
131039,movie,Sea Wolf
135527,movie,Pane e libertà
138827,movie,Penance
143744,movie,Detonator Orgun
145726,movie,Dinotopia 3: The Election
145728,movie,Discovering Dinotopia
145731,movie,Dinotopia 2: The Temptation
149043,movie,St. Giuseppe Moscati: Doctor to the Poor
160399,movie,Megazone 23 III - Part 1 - The Awakening of Eve
160778,movie,Goku II: Midnight Eye
160885,movie,Tel chi el telùn
163551,movie,Twilight Q
167627,movie,Captain Nemo
174271,movie,The Fortunes and Misfortunes of Moll Flanders
180718,movie,Mary of Nazareth
189215,movie,The Untold History Of The United States
193074,movie,Inside the Human Body
193261,movie,Ali Baba and the 40 thieves
197854,movie,The Guyver: Bio-Booster Armor
201658,movie,Murder on the Home Front
207720,movie,Treasure Island
208982,movie,Vietnam in HD
213386,movie,Barabbas
220848,movie,Ultimate Wolverine vs. Hulk
222148,movie,Terminator Salvation: The Machinima Series
223416,movie,El pacto
227037,movie,Professione vacanze
232100,movie,Riley Rewind
246790,movie,Pinocchio
251964,movie,L'Affaire Dominici
257368,movie,Battlestar Galactica: Blood & Chrome
258296,movie,Crime and Punishment
276903,movie,Blame!
276957,movie,Mobile Suit Gundam 0080: War in the Pocket
278256,movie,Bartali: The Iron Man
283184,movie,Diary of a Teacher
285857,movie,Dallos
290365,movie,Project-M
294223,movie,The Fat and the Angry
299114,movie,La Folle Soirée du Palmashow
313563,movie,El Quijote de Miguel de Cervantes
340963,movie,The Crazy Evening of Palmashow 2
347355,movie,Jamel et ses amis au Marrakech du rire 2015
375569,movie,Kingdom Hospital
401917,movie,The Black Devil and the White Prince
404383,movie,Jamel et ses amis au Marrakech du rire 2016
412380,movie,Koro-sensei Q!
430162,movie,Revolting Rhymes
432134,movie,Star Wars: Heroes & Villains
438665,movie,Fittest on Earth: A Decade of Fitness
449758,movie,Five Came Back
450530,movie,Oasis
451567,movie,The Soul of War: Making 'Hacksaw Ridge'
469667,movie,Angel Legend
482806,movie,Wormwood
483898,movie,50 Greatest Harry Potter Moments
487186,movie,Halo: Nightfall
495002,movie,Waco: Madman or Messiah
495036,movie,The Miniaturist
521494,movie,Transformers: Titans Return
547691,movie,Jacqueline Sauvage: It Was Him or Me
557809,movie,WWE Survivor Series 2018
582582,movie,"Ce soir, c'est Palmashow"
594130,movie,Attila
603409,movie,Thorne: Scaredycat
606308,movie,NXT TakeOver XXV
609737,movie,The 1st 13th Annual Fancy Anvil Awards Show Program Special: Live in Stereo
609933,movie,AEW All Out 2019
716786,movie,Residue
781777,movie,AEW Double or Nothing 2021
845182,movie,À tes côtés
1005575,movie,WrestleMania 39: Saturday
1005576,movie,WrestleMania XL Saturday
1005578,movie,WrestleMania XL Sunday
1175229,movie,WWE Royal Rumble 2024
1181525,movie,WWE Elimination Chamber: Perth
1318297,movie,Louis C.K.: Sorry
1397347,movie,Saturday Night's Main Event XXXVII
1474303,movie,WWE Crown Jewel 2025
1638740,movie,WWE Clash in Italy Preshow
1719879,movie,Intezar
