tmdb_id,content_type,name
308447,movie,The Flintstones and WWE: Stone Age SmackDown!
409122,movie,Scooby-Doo! and WWE: Curse of the Speed Demon
444510,movie,The Jetsons & WWE: Robo-WrestleMania
1549,tv,WWE Friday Night SmackDown
31991,tv,WWE NXT
46707,tv,WWE Main Event
65525,movie,WWE Divas: Undressed
33209,movie,WWE: The Rise + Fall of ECW
304458,movie,WWE: Macho Man - The Randy Savage Story
557809,movie,WWE Survivor Series 2018
1175229,movie,WWE Royal Rumble 2024
1181525,movie,WWE Elimination Chamber: Perth
1538876,movie,WWE/AAA Worlds Collide 2025: Las Vegas
1474303,movie,WWE Crown Jewel 2025
1638740,movie,WWE Clash in Italy Preshow
477,tv,WWE Saturday Night's Main Event
3040,tv,WWE Tough Enough
3894,tv,WWE ECW
16281,tv,WWE Superstars
64084,tv,WWE 24
83217,tv,WWE NXT UK
119985,tv,Biography: WWE Legends
134180,tv,WWE Evil
281671,tv,WWE Superstar Profiles
289485,tv,WWE: Unreal
18437,movie,The Darwin Awards
609737,movie,The 1st 13th Annual Fancy Anvil Awards Show Program Special: Live in Stereo
71494,tv,Golden Globe Awards
46732,tv,MTV Video Music Awards
23521,tv,Kids' Choice Awards
13667,tv,MTV Movie & TV Awards
43117,tv,Teen Choice Awards
38935,tv,BET Awards
90442,tv,Lux Style Awards
492644,movie,Soy Luna: Live Concert
638566,movie,Naruto to Boruto: The Live 2019
857873,movie,Romeo Santos: Utopia Live from MetLife Stadium
123511,movie,Nirvana: Live and Loud
401331,movie,Michael Jackson: HIStory World Tour - Live in Auckland 1996
518526,movie,Mariah Carey: Butterfly World Tour - Live at Tokyo Dome
61096,movie,Death: Live in Eindhoven '98
82843,movie,X JAPAN - The Last Live
53341,movie,U2: Vertigo 05 - Live from Milan
137929,movie,Therion: Live Gothic
49333,movie,Ultravox: Return to Eden - Live at The Roundhouse
430059,movie,Linkin Park: Live in Moscow
93522,movie,Santana: Greatest Hits - Live at Montreux 2011
71428,movie,GAGA Live at Sydney Monster Hall
145045,movie,Lee Nelson Live - Qwaliteee!
219079,movie,Green Day - Rock am Ring Live
1188056,movie,Amazon Music Live with Feid
369613,movie,H - Best Of
25298,tv,The Grammys
90440,tv,Nadia Khan Show
89955,tv,TUC The Lighter Side of Life
90662,tv,Tonite with HSY
89953,tv,The Reham Khan Show
92530,tv,Voice Over Man
91448,tv,Rewind with Samina Peerzada
110526,tv,To Be Honest
255190,movie,The Night That Changed America: A Grammy Salute to the Beatles
302696,tv,KPop Demon Hunters Lyric Videos
27023,tv,The Oscars
126368,tv,El Joe: La leyenda
494233,movie,Gone With the Wind
144521,movie,Heroes del Silencio: Tesoro - El Ultimo Silencio
31103,movie,MTV Unplugged: Julieta Venegas
302329,movie,Robin Hood – The Musical Spectacle
362741,movie,Katy Perry: Rock in Rio 2015
888491,movie,Juice WRLD: Into the Abyss
1189705,movie,Jimin's Production Diary
28032,tv,Eurovision Song Contest
16730,tv,American Music Awards
80079,tv,American Idol
118895,tv,Kingdom: Legendary War
64410,tv,The Anupam Kher Show
62644,movie,Omar et Fred - Le spectacle
311669,movie,Malik Bentalha se la racontex
441883,movie,Jérémy Ferrari - Vends 2 pièces à Beyrouth
74225,tv,GOING SEVENTEEN
73068,tv,Begin Again
76722,tv,BLACKPINK HOUSE
135842,tv,SKZ Code
119645,tv,Unexpected Business
90769,tv,Challenger
88136,tv,Jeeto Pakistan
90952,tv,Salam Zindagi
89651,tv,Croron Mein Khel
95200,tv,Champions With Waqar Zaka
373558,movie,Taylor Swift: The 1989 World Tour - Live
568300,movie,BTS World Tour: Love Yourself in Seoul
1365141,movie,Olivia Rodrigo: GUTS World Tour
40495,movie,Madonna: Blond Ambition World Tour Live
25930,movie,Madonna: Drowned World Tour 2001
13447,movie,Dream Theater: Score - 20th Anniversary World Tour
51499,movie,Beyoncé: I Am... World Tour
202807,movie,Madonna: MDNA World Tour
318645,movie,Beyoncé: X10 - The Mrs. Carter Show World Tour
79285,tv,Gold Stars: The Story of the FIFA World Cup Tournaments
1022102,movie,BTS: Permission to Dance on Stage - LA
1063453,movie,BTS: Yet to Come in Cinemas
1628123,movie,BTS THE COMEBACK LIVE | ARIRANG
77696,tv,Run BTS!
106600,tv,BTS In the SOOP
1628116,movie,BTS: THE RETURN
72568,tv,BTS: Bon Voyage
78741,tv,BTS: Burn the Stage
215421,tv,BTS Monuments: Beyond the Star
22975,movie,Richard Pryor: Live in Concert
28236,movie,Concert for George
253353,movie,Hannah Montana & Miley Cyrus: Best of Both Worlds Concert
40534,movie,Jonas Brothers: The Concert Experience
67675,movie,Glee: The Concert Movie
283559,movie,One Direction: Where We Are - The Concert Film
495029,movie,Jesus Christ Superstar Live in Concert
701684,movie,Taylor Swift City of Lover Concert
768410,movie,Shawn Mendes: Live in Concert
779783,movie,Soy Luna: The Last Concert
1012290,movie,South Park: The 25th Anniversary Concert
1445363,movie,EPiC: Elvis Presley in Concert
59414,movie,The Concert for Bangladesh
26236,movie,ABBA in Concert
34490,movie,The Freddie Mercury Tribute Concert
54931,movie,Bob Dylan: The 30th Anniversary Concert Celebration
251799,movie,Selena Live! The Last Concert
37445,movie,Les Misérables: 10th Anniversary Concert at the Royal Albert Hall
92584,movie,Barbra Streisand: Timeless - Live in Concert
100960,movie,Sweeney Todd: The Demon Barber of Fleet Street in Concert
54385,movie,El grosso concerto
72925,movie,Chris Botti & Friends - Night Sessions: Live in Concert
45644,movie,Opeth: In Live Concert At The Royal Albert Hall
149922,movie,12-12-12 | The Concert for Sandy Relief
264730,movie,Violetta: Live in Concert
561627,movie,The Morricone Duel: The Most Dangerous Concert Ever
653151,movie,Les Misérables: The Staged Concert
656949,movie,Fabrizio De André e PFM - Il concerto ritrovato
922333,movie,John Williams: The Berlin Concert
923403,movie,The Beatles: Get Back - The Rooftop Concert
1013901,movie,Taylor Hawkins Tribute Concert
70558,tv,NPR Tiny Desk Concerts
66943,movie,25th Anniversary Studio Ghibli Concert
2261,tv,The Tonight Show Starring Johnny Carson
724,tv,The Oprah Winfrey Show
4033,tv,The Jerry Springer Show
2518,tv,The Tonight Show with Jay Leno
498,tv,Late Show with David Letterman
2224,tv,The Daily Show
562,tv,The Ellen DeGeneres Show
14981,tv,The Late Late Show with Craig Ferguson
1220,tv,The Graham Norton Show
17535,tv,The Tonight Show with Conan O'Brien
56590,tv,The Eric Andre Show
59941,tv,The Tonight Show Starring Jimmy Fallon
62223,tv,The Late Late Show with James Corden
63770,tv,The Late Show with Stephen Colbert
6307,tv,The David Letterman Show
23377,tv,Victoria's Secret Fashion Show
96269,tv,Michael McIntyre's Big Show
645362,movie,The Kacey Musgraves Christmas Show
5307,tv,The Ed Sullivan Show
12875,tv,The Dean Martin Show
1679,tv,The Tracey Ullman Show
82193,tv,Norm Macdonald Has a Show
10534,tv,The Red Skelton Show
195927,tv,Bullsh*t The Gameshow
66046,tv,Mystery Music Show: King of Mask Singer
76579,tv,TOLGSHOW
376,tv,The Amanda Show
82873,tv,The Kelly Clarkson Show
287787,movie,Man & Wife: An Educational Film for Married Adults
219814,movie,The Hot Nights of Linda
28682,movie,Emanuelle in America
141028,movie,Flesh for Sale
259872,movie,Skin. Like. Sun.
427719,movie,X-Rated 2: The Greatest Adult Stars of All-Time
95897,tv,Overflow
407742,movie,Sexy Night Report n. 2
107406,movie,Oscenità
259700,movie,"Erótica, a Fêmea Sensual"
36833,movie,No Skin Off My Ass
77704,movie,Made in Serbia
47152,movie,"The Price of Pleasure: Pornography, Sexuality & Relationships"
187257,movie,Fucking Different XXX
74180,tv,"My Marriage Partner Is My Student, a Cocky Troublemaker"
78501,tv,Sweet Punishment: I'm the Guard's Personal Pet
81044,tv,Joshiochi! 2-kai kara Onnanoko ga... Futtekita!?
81553,tv,Peepoodo & The Super Fuck Friends
90388,tv,Fire in His Fingertips
103830,tv,The Titan's Bride
118824,tv,Everything for Demon King Evelogia
241002,tv,Adam's Sweet Agony
455761,movie,Female Hostel
707610,movie,Bosomy Mom
185090,movie,Day Dream
40111,movie,La Blue Girl: Revenge of the Shikima Realm
40112,movie,Angel of Darkness
68753,movie,Weather Woman Returns
272108,movie,Alien from the Darkness
101752,movie,Tsumugi
80647,movie,Oppai Chanbara: Striptease Samurai Squad
70998,tv,Souryo to Majiwaru Shikiyoku no Yoru ni...
83073,tv,A Hot Night With My Boss in a Capsule Hotel
85588,tv,"Papa datte, Shitai"
88090,tv,Araiya-san! Ore to Aitsu ga Onnayu de!?
100937,tv,Crazy Over His Fingers: Just the Two of Us in a Salon After Closing
106342,tv,I Want to Be His Prey!
105903,tv,Eternity Shinya no Nurekoi Channel
113360,tv,Jimihen!! Jimiko o Kae Chau Jun Isei Kouyuu
118588,tv,Seduced by My Best Friend
157879,tv,"3 Seconds Later, He Turned into a Beast"
